{
    "animation": {
        "name": "Take 001",
        "ID": "UANI",
        "length": 1.3333333730697632,
        "trackSize": 2,
        "tracks": [
            {
                "bone": "youchibang",
                "chanelMask": 3,
                "keyFramesSize": 3,
                "keyframes": [
                    {
                        "time": 0.0,
                        "pos": [
                            -1.0878260135650635,
                            -0.2801854908466339,
                            -22.811119079589845
                        ],
                        "quaternion": [
                            1.9949594332047128e-7,
                            0.7071062326431274,
                            0.7071073055267334,
                            1.3767892426130857e-7
                        ],
                        "scale": [
                            1.0,
                            1.0,
                            1.0
                        ]
                    },
                    {
                        "time": 0.6666666865348816,
                        "pos": [
                            -1.0878262519836426,
                            -0.2801854908466339,
                            -22.81112289428711
                        ],
                        "quaternion": [
                            0.27059808373451235,
                            0.653281033039093,
                            0.6532818078994751,
                            0.270598441362381
                        ],
                        "scale": [
                            1.0,
                            1.0,
                            1.0
                        ]
                    },
                    {
                        "time": 1.3333333730697632,
                        "pos": [
                            -1.0878262519836426,
                            -0.2801854908466339,
                            -22.81112289428711
                        ],
                        "quaternion": [
                            1.9949594332047128e-7,
                            0.7071062326431274,
                            0.7071073055267334,
                            1.3767892426130857e-7
                        ],
                        "scale": [
                            1.0,
                            1.0,
                            1.0
                        ]
                    }
                ]
            },
            {
                "bone": "zuochibang",
                "chanelMask": 3,
                "keyFramesSize": 3,
                "keyframes": [
                    {
                        "time": 0.0,
                        "pos": [
                            1.1226589679718018,
                            -0.2801845073699951,
                            -22.811119079589845
                        ],
                        "quaternion": [
                            -0.707106351852417,
                            -1.6858730589319749e-7,
                            1.6858749063430879e-7,
                            0.7071071863174439
                        ],
                        "scale": [
                            1.0,
                            1.0,
                            1.0
                        ]
                    },
                    {
                        "time": 0.6666666865348816,
                        "pos": [
                            1.1226587295532227,
                            -0.2801845371723175,
                            -22.811120986938478
                        ],
                        "quaternion": [
                            -0.6532809734344482,
                            -0.27059808373451235,
                            0.2705983519554138,
                            0.6532818078994751
                        ],
                        "scale": [
                            1.0,
                            1.0,
                            1.0
                        ]
                    },
                    {
                        "time": 1.3333333730697632,
                        "pos": [
                            1.1226587295532227,
                            -0.2801845371723175,
                            -22.811120986938478
                        ],
                        "quaternion": [
                            -0.707106351852417,
                            -1.6858730589319749e-7,
                            1.6858749063430879e-7,
                            0.7071071863174439
                        ],
                        "scale": [
                            1.0,
                            1.0,
                            1.0
                        ]
                    }
                ]
            }
        ]
    }
}