{
    "skeleton": [
        {
            "name": "root",
            "parent": "root",
            "initpos": [
                0.0,
                0.0,
                -0.0
            ],
            "initquaternion": [
                0.7071067690849304,
                0.0,
                0.0,
                0.7071067690849304
            ],
            "initscale": [
                1.0,
                1.0,
                1.0
            ],
            "offmtx": [
                [
                    1.0,
                    0.0,
                    0.0,
                    0.0
                ],
                [
                    0.0,
                    1.0,
                    0.0,
                    0.0
                ],
                [
                    0.0,
                    0.0,
                    1.0,
                    0.0
                ]
            ],
            "boundingbox": [
                [
                    0.0,
                    0.0,
                    0.0
                ],
                [
                    0.0,
                    0.0,
                    0.0
                ]
            ]
        },
        {
            "name": "youchibang",
            "parent": "root",
            "initpos": [
                -1.0878262519836426,
                -0.2801854908466339,
                -22.81112289428711
            ],
            "initquaternion": [
                2.5288093752351417e-7,
                0.7071062326431274,
                0.7071073055267334,
                1.9106401794033446e-7
            ],
            "initscale": [
                1.0,
                1.0,
                1.0
            ],
            "offmtx": [
                [
                    -1.0,
                    1.5099581673894137e-7,
                    4.76837158203125e-7,
                    -1.08782958984375
                ],
                [
                    -1.5099621464287339e-7,
                    -1.0,
                    -8.781763654042152e-7,
                    22.81112289428711
                ],
                [
                    4.7683701609457787e-7,
                    -8.781763654042152e-7,
                    1.0,
                    0.28021240234375
                ]
            ],
            "boundingbox": [
                [
                    -0.05794334411621094,
                    -11.16903305053711,
                    -0.4324960708618164
                ],
                [
                    13.056921005249024,
                    14.011186599731446,
                    1.9098596572875977
                ]
            ]
        },
        {
            "name": "zuochibang",
            "parent": "root",
            "initpos": [
                1.1226587295532227,
                -0.2801845371723175,
                -22.811120986938478
            ],
            "initquaternion": [
                -0.707106351852417,
                -1.6858729168234277e-7,
                1.6858747642345407e-7,
                0.7071071863174439
            ],
            "initscale": [
                1.0,
                1.0,
                1.0
            ],
            "offmtx": [
                [
                    1.0,
                    -2.710505431213761e-20,
                    4.76837158203125e-7,
                    -1.122658610343933
                ],
                [
                    -3.7706074157081717e-13,
                    1.0,
                    7.907536883067223e-7,
                    -22.811119079589845
                ],
                [
                    -4.76837158203125e-7,
                    -7.907536883067223e-7,
                    1.0,
                    0.2802104949951172
                ]
            ],
            "boundingbox": [
                [
                    -0.18932408094406129,
                    -14.01118278503418,
                    -0.0533599853515625
                ],
                [
                    12.952421188354493,
                    11.169036865234375,
                    2.113619804382324
                ]
            ]
        }
    ],
    "boundingbox": [
        [
            -14.144744873046875,
            8.799936294555664,
            -0.7126767635345459
        ],
        [
            14.075080871582032,
            33.98015594482422,
            1.8334304094314576
        ]
    ]
}