{
    "skeleton": [
        {
            "name": "222",
            "parent": "222",
            "initpos": [
                -17.8348331451416,
                9.772735595703125,
                -18.807043075561525
            ],
            "initquaternion": [
                -0.013069548644125462,
                0.9608960747718811,
                0.27427300810813906,
                0.035807881504297259
            ],
            "initscale": [
                1.385622501373291,
                1.3856223821640015,
                1.3856223821640015
            ],
            "offmtx": [
                [
                    -0.46432560682296755,
                    -0.09877941012382508,
                    0.8801386952400208,
                    -0.72711181640625
                ],
                [
                    -0.15084704756736756,
                    0.9880610108375549,
                    0.03131094574928284,
                    -10.593477249145508
                ],
                [
                    -0.8727237582206726,
                    -0.11822792887687683,
                    -0.473682701587677,
                    -19.013633728027345
                ]
            ],
            "boundingbox": [
                [
                    -7.4928741455078129,
                    -9.235828399658204,
                    -5.56201171875
                ],
                [
                    6.441642761230469,
                    2.9446182250976564,
                    17.189983367919923
                ]
            ]
        }
    ],
    "boundingbox": [
        [
            -33.002349853515628,
            -0.9752388000488281,
            -18.149940490722658
        ],
        [
            -11.750569343566895,
            10.032089233398438,
            -4.614757537841797
        ]
    ]
}