{
    "skeleton": [
        {
            "name": "root",
            "parent": "root",
            "initpos": [
                0.0,
                0.0,
                -0.0
            ],
            "initquaternion": [
                0.7071067690849304,
                0.0,
                0.0,
                0.7071067690849304
            ],
            "initscale": [
                1.0,
                1.0,
                1.0
            ],
            "offmtx": [
                [
                    1.0,
                    0.0,
                    0.0,
                    0.0
                ],
                [
                    0.0,
                    1.0,
                    0.0,
                    0.0
                ],
                [
                    0.0,
                    0.0,
                    1.0,
                    0.0
                ]
            ],
            "boundingbox": [
                [
                    0.0,
                    0.0,
                    0.0
                ],
                [
                    0.0,
                    0.0,
                    0.0
                ]
            ]
        },
        {
            "name": "Bone001",
            "parent": "root",
            "initpos": [
                0.0,
                0.0,
                -0.0
            ],
            "initquaternion": [
                -0.5000000596046448,
                0.4999999403953552,
                0.5000000596046448,
                0.4999999403953552
            ],
            "initscale": [
                1.0,
                1.0,
                1.0
            ],
            "offmtx": [
                [
                    6.123233601181349e-17,
                    1.0,
                    0.0,
                    0.0
                ],
                [
                    -1.0,
                    6.123232939436859e-17,
                    -2.782326191663742e-8,
                    0.0
                ],
                [
                    -2.782326191663742e-8,
                    0.0,
                    1.0,
                    0.0
                ]
            ],
            "boundingbox": [
                [
                    0.0,
                    -4.914973258972168,
                    -4.914973258972168
                ],
                [
                    9.896364212036133,
                    4.914973258972168,
                    4.914973735809326
                ]
            ]
        }
    ],
    "boundingbox": [
        [
            -4.914973258972168,
            0.06641825288534165,
            -4.914973258972168
        ],
        [
            4.914973258972168,
            9.896363258361817,
            4.91497278213501
        ]
    ]
}